<?xml version="1.0" ?>
<XML_DIZ_INFO>
<MASTER_PAD_VERSION_INFO>
    <MASTER_PAD_VERSION>1.10</MASTER_PAD_VERSION>
    <MASTER_PAD_INFO>Portable Application Description, or PAD for short, is a data set that is used by shareware authors to disseminate information to anyone interested in their software products. To find out more go to http://www.asp-shareware.org/pad</MASTER_PAD_INFO>
</MASTER_PAD_VERSION_INFO>
<Company_Info>
        <Company_Name>Yehia Ahmed</Company_Name>
        <Address_1 />
        <Address_2 />
        <City_Town>Cairo</City_Town>
        <State_Province>Nasr City</State_Province>
        <Zip_Postal_Code />
        <Country>Egypt</Country>
        <Company_WebSite_URL>http://www.yehia.starnet.com.eg</Company_WebSite_URL>
<Contact_Info>
        <Author_First_Name>Yehia</Author_First_Name>
        <Author_Last_Name>Ahmed</Author_Last_Name>
        <Author_Email>yehiaeg@starnet.com.eg</Author_Email>
        <Contact_First_Name>Yehia</Contact_First_Name>
        <Contact_Last_Name>Ahmed</Contact_Last_Name>
        <Contact_Email>yehiaeg@starnet.com.eg</Contact_Email>
    </Contact_Info>
<Support_Info>
        <Sales_Email>yehiaeg@starnet.com.eg</Sales_Email>
        <Support_Email>yehiaeg@starnet.com.eg</Support_Email>
        <General_Email>yehiaeg@starnet.com.eg</General_Email>
        <Sales_Phone />
        <Support_Phone />
        <General_Phone />
        <Fax_Phone />
    </Support_Info>
</Company_Info>
<Program_Info>
        <Program_Name>Extension Changer</Program_Name>
        <Program_Version>0.4.1</Program_Version>
        <Program_Release_Month>09</Program_Release_Month>
        <Program_Release_Day>5</Program_Release_Day>
        <Program_Release_Year>2003</Program_Release_Year>
        <Program_Cost_Dollars />
        <Program_Cost_Other />
        <Program_Type>Freeware</Program_Type>
        <Program_Release_Status>Minor Update</Program_Release_Status>
        <Program_Install_Support>Install and Uninstall</Program_Install_Support>
        <Program_OS_Support>Win95,Win98,WinME,WinNT 4.x,Windows2000</Program_OS_Support>
        <Program_Language>English</Program_Language>
        <Program_Change_Info />
        <Program_System_Requirements>Microsoft Visual Basic Runtime Dlls v6.0</Program_System_Requirements>
        <Program_Specific_Category>Utilities</Program_Specific_Category>
        <Program_Categories />
<File_Info>
        <Filename_Versioned />
        <Filename_Previous>extchang.exe</Filename_Previous>
        <Filename_Generic>extchang.exe</Filename_Generic>
        <Filename_Long />
        <File_Size_Bytes />
        <File_Size_K>70</File_Size_K>
        <File_Size_MB>0.1</File_Size_MB>
    </File_Info>
<Expire_Info>
        <Has_Expire_Info>N</Has_Expire_Info>
        <Expire_Count />
        <Expire_Based_On>Days</Expire_Based_On>
        <Expire_Other_Info />
        <Expire_Month />
        <Expire_Day />
        <Expire_Year />
    </Expire_Info>
        <Includes_JAVA_VM>N</Includes_JAVA_VM>
        <Includes_VB_Runtime>N</Includes_VB_Runtime>
        <Includes_DirectX>N</Includes_DirectX>
</Program_Info>
<Program_Descriptions>
<English>
        <Keywords>extension changer,change,extension,change extension,file,type,file type,change the extension,extension change</Keywords>
        <Char_Desc_45>The easiest way to change a file&apos;s extension.</Char_Desc_45>
        <Char_Desc_80>The easiest way to change a file&apos;s extension.</Char_Desc_80>
        <Char_Desc_250>Extension Changer is a very simple program that can change the extension of any file,
,just drag and drop the file into the form.The new version include the ability to add the program to the context menu and a lot of new features.</Char_Desc_250>
        <Char_Desc_450>Extension Changer is a very simple program that can change the extension of any file, just drag and drop the file into the form or choose to change it from the context menu.

A lot of bugs were fixed and the update feature is working properly.</Char_Desc_450>
        <Char_Desc_2000 />
</English>
</Program_Descriptions>
<Web_Info>
<Application_URLs>
        <Application_Info_URL>http://www.yehia.starnet.com.eg/extchanger/description.htm</Application_Info_URL>
        <Application_Order_URL />
        <Application_Screenshot_URL>http://www.yehia.starnet.com.eg/extchanger/ss/s1.gif</Application_Screenshot_URL>
        <Application_Icon_URL />
        <Application_XML_File_URL>http://www.yehia.starnet.com.eg/extchanger/pad.xml</Application_XML_File_URL>
    </Application_URLs>
<Download_URLs>
        <Primary_Download_URL>http://www.yehia.starnet.com.eg/extchang.exe</Primary_Download_URL>
        <Secondary_Download_URL />
        <Additional_Download_URL_1 />
        <Additional_Download_URL_2 />
    </Download_URLs>
</Web_Info>
<Permissions>
        <Distribution_Permissions />
        <EULA />
</Permissions>
<ASP>
    <ASP_FORM>Y</ASP_FORM>
    <ASP_Member>N</ASP_Member>
    <ASP_Member_Number />
</ASP>
</XML_DIZ_INFO>
